Time (HKT),Latitude,Longitude
Sun 04:19:40 AM,22.307,113.9326
Sun 04:19:56 AM,22.312,113.9497
Sun 04:20:12 AM,22.317,113.9654
Sun 04:20:28 AM,22.3226,113.9814
Sun 04:20:50 AM,22.3303,114.0046
Sun 04:21:14 AM,22.3388,114.032
Sun 04:21:32 AM,22.3357,114.0538
Sun 04:21:50 AM,22.3242,114.068
Sun 04:22:07 AM,22.3067,114.0769
Sun 04:22:23 AM,22.2884,114.0788
Sun 04:22:53 AM,22.2541,114.0808
Sun 04:23:25 AM,22.2173,114.0828
Sun 04:23:55 AM,22.1844,114.0847
Sun 04:24:14 AM,22.1635,114.0921
Sun 04:24:30 AM,22.1517,114.1067
Sun 04:24:55 AM,22.1432,114.135
Sun 04:25:12 AM,22.1432,114.1532
Sun 04:25:29 AM,22.1444,114.1723
Sun 04:25:59 AM,22.1468,114.2047
Sun 04:26:27 AM,22.1494,114.2346
Sun 04:26:43 AM,22.1564,114.2478
Sun 04:27:00 AM,22.1718,114.2589
Sun 04:27:18 AM,22.1843,114.2731
Sun 04:27:35 AM,22.1965,114.288
Sun 04:28:06 AM,22.2172,114.3132
Sun 04:28:24 AM,22.2291,114.3278
Sun 04:28:55 AM,22.2501,114.3532
Sun 04:29:13 AM,22.2668,114.3623
Sun 04:29:32 AM,22.2859,114.3558
Sun 04:29:49 AM,22.2934,114.3406
Sun 04:30:06 AM,22.2926,114.3228
Sun 04:30:23 AM,22.2884,114.305
Sun 04:30:42 AM,22.2782,114.2891
Sun 04:31:04 AM,22.2572,114.2851
Sun 04:31:22 AM,22.2426,114.2939
Sun 04:31:38 AM,22.2341,114.3081
Sun 04:31:57 AM,22.2318,114.3281
Sun 04:32:16 AM,22.2391,114.347
Sun 04:32:35 AM,22.2546,114.3592
Sun 04:32:57 AM,22.2771,114.3596
Sun 04:33:17 AM,22.2936,114.3467
Sun 04:33:36 AM,22.3,114.328
Sun 04:33:57 AM,22.295,114.3059
Sun 04:34:15 AM,22.2818,114.2929
Sun 04:34:32 AM,22.266,114.2889
Sun 04:34:49 AM,22.2505,114.2919
Sun 04:35:08 AM,22.2348,114.3032
Sun 04:35:28 AM,22.2251,114.321
Sun 04:35:48 AM,22.2237,114.3433
Sun 04:36:04 AM,22.2289,114.3585
Sun 04:36:21 AM,22.2406,114.3731
Sun 04:36:38 AM,22.2564,114.3818
Sun 04:36:56 AM,22.2748,114.3838
Sun 04:37:14 AM,22.2918,114.3787
Sun 04:37:37 AM,22.3101,114.363
Sun 04:37:56 AM,22.3191,114.3437
Sun 04:38:13 AM,22.3207,114.3268
Sun 04:38:30 AM,22.3169,114.3097
Sun 04:38:48 AM,22.3071,114.2938
Sun 04:39:06 AM,22.2927,114.283
Sun 04:39:22 AM,22.2772,114.2786
Sun 04:39:42 AM,22.2578,114.2812
Sun 04:39:59 AM,22.243,114.2901
Sun 04:40:17 AM,22.232,114.305
Sun 04:40:33 AM,22.2302,114.3208
Sun 04:40:53 AM,22.2398,114.3402
Sun 04:41:09 AM,22.2523,114.3499
Sun 04:41:28 AM,22.2728,114.3543
Sun 04:41:48 AM,22.2919,114.3484
Sun 04:42:06 AM,22.3045,114.336
Sun 04:42:24 AM,22.3105,114.3195
Sun 04:42:40 AM,22.3097,114.3037
Sun 04:42:56 AM,22.3028,114.2897
Sun 04:43:12 AM,22.291,114.2799
Sun 04:43:29 AM,22.2757,114.2764
Sun 04:43:50 AM,22.2575,114.2827
Sun 04:44:06 AM,22.2472,114.2945
Sun 04:44:23 AM,22.2424,114.3116
Sun 04:44:40 AM,22.2448,114.3277
Sun 04:44:58 AM,22.2505,114.345
Sun 04:45:15 AM,22.2615,114.357
Sun 04:45:33 AM,22.2794,114.3583
Sun 04:45:50 AM,22.2927,114.3478
Sun 04:46:12 AM,22.3001,114.3265
Sun 04:46:28 AM,22.2977,114.3117
Sun 04:46:47 AM,22.287,114.2964
Sun 04:47:05 AM,22.2727,114.2896
Sun 04:47:23 AM,22.2557,114.2899
Sun 04:47:39 AM,22.2431,114.2975
Sun 04:47:57 AM,22.2343,114.3129
Sun 04:48:16 AM,22.2333,114.3313
Sun 04:48:32 AM,22.2399,114.347
Sun 04:48:50 AM,22.2531,114.3581
Sun 04:49:06 AM,22.2703,114.3609
Sun 04:49:24 AM,22.2851,114.3552
Sun 04:49:42 AM,22.2968,114.3408
Sun 04:49:59 AM,22.3001,114.324
Sun 04:50:17 AM,22.2955,114.3068
Sun 04:50:33 AM,22.2864,114.296
Sun 04:50:49 AM,22.2722,114.2895
Sun 04:51:06 AM,22.2567,114.2897
Sun 04:51:24 AM,22.2423,114.2982
Sun 04:51:43 AM,22.2338,114.3145
Sun 04:51:59 AM,22.2332,114.3312
Sun 04:52:19 AM,22.242,114.3497
Sun 04:52:37 AM,22.2552,114.359
Sun 04:52:55 AM,22.2744,114.3601
Sun 04:53:11 AM,22.2872,114.3534
Sun 04:53:27 AM,22.2964,114.3412
Sun 04:53:43 AM,22.2999,114.3236
Sun 04:54:01 AM,22.2959,114.3079
Sun 04:54:17 AM,22.2863,114.2961
Sun 04:54:36 AM,22.2699,114.2893
Sun 04:54:54 AM,22.2525,114.2908
Sun 04:55:14 AM,22.2392,114.3025
Sun 04:55:34 AM,22.2328,114.3208
Sun 04:55:52 AM,22.2355,114.3389
Sun 04:56:09 AM,22.2459,114.3534
Sun 04:56:26 AM,22.2617,114.3607
Sun 04:56:43 AM,22.2775,114.3591
Sun 04:56:59 AM,22.2901,114.3507
Sun 04:57:16 AM,22.2987,114.3349
Sun 04:57:34 AM,22.2991,114.3173
Sun 04:57:52 AM,22.2904,114.3009
Sun 04:58:09 AM,22.2784,114.2931
Sun 04:58:27 AM,22.2616,114.2923
Sun 04:58:45 AM,22.2482,114.3021
Sun 04:59:01 AM,22.2445,114.3174
Sun 04:59:21 AM,22.2472,114.3374
Sun 04:59:37 AM,22.2568,114.3523
Sun 04:59:55 AM,22.2715,114.361
Sun 05:00:13 AM,22.2885,114.3619
Sun 05:00:33 AM,22.3052,114.3532
Sun 05:00:49 AM,22.3148,114.3384
Sun 05:01:08 AM,22.3166,114.3203
Sun 05:01:25 AM,22.3111,114.3051
Sun 05:01:43 AM,22.2992,114.2934
Sun 05:01:59 AM,22.2846,114.2891
Sun 05:02:15 AM,22.2702,114.2926
Sun 05:02:34 AM,22.2614,114.3085
Sun 05:02:52 AM,22.2673,114.3252
Sun 05:03:10 AM,22.2834,114.333
Sun 05:03:27 AM,22.2987,114.3302
Sun 05:03:44 AM,22.3108,114.3181
Sun 05:04:01 AM,22.3144,114.3015
Sun 05:04:17 AM,22.3089,114.2869
Sun 05:04:35 AM,22.2944,114.2786
Sun 05:04:55 AM,22.2775,114.2841
Sun 05:05:13 AM,22.2692,114.2993
Sun 05:05:30 AM,22.2725,114.3168
Sun 05:05:48 AM,22.2851,114.3279
Sun 05:06:07 AM,22.3039,114.3306
Sun 05:06:27 AM,22.3229,114.3265
Sun 05:06:44 AM,22.3343,114.3144
Sun 05:07:01 AM,22.3374,114.2959
Sun 05:07:18 AM,22.3319,114.2825
Sun 05:07:38 AM,22.3171,114.273
Sun 05:07:54 AM,22.3006,114.2754
Sun 05:08:13 AM,22.2889,114.2878
Sun 05:08:30 AM,22.2859,114.3049
Sun 05:08:48 AM,22.2929,114.322
Sun 05:09:05 AM,22.3065,114.3314
Sun 05:09:23 AM,22.3237,114.3313
Sun 05:09:39 AM,22.3362,114.3226
Sun 05:09:56 AM,22.3429,114.3067
Sun 05:10:13 AM,22.3395,114.2913
Sun 05:10:32 AM,22.3238,114.2831
Sun 05:10:51 AM,22.3081,114.2885
Sun 05:11:10 AM,22.2974,114.3044
Sun 05:11:28 AM,22.2976,114.3234
Sun 05:11:46 AM,22.3066,114.3375
Sun 05:12:03 AM,22.3225,114.345
Sun 05:12:19 AM,22.3374,114.343
Sun 05:12:37 AM,22.3513,114.331
Sun 05:12:54 AM,22.3561,114.3155
Sun 05:13:10 AM,22.353,114.3001
Sun 05:13:26 AM,22.3424,114.2886
Sun 05:13:42 AM,22.3287,114.2853
Sun 05:13:59 AM,22.3138,114.2911
Sun 05:14:18 AM,22.3036,114.3068
Sun 05:14:35 AM,22.3035,114.3243
Sun 05:14:51 AM,22.3113,114.3381
Sun 05:15:09 AM,22.3265,114.3465
Sun 05:15:26 AM,22.344,114.3443
Sun 05:15:44 AM,22.3565,114.3334
Sun 05:16:00 AM,22.3616,114.3181
Sun 05:16:18 AM,22.3572,114.2999
Sun 05:16:40 AM,22.3427,114.2879
Sun 05:16:58 AM,22.3269,114.2815
Sun 05:17:14 AM,22.3121,114.2768
Sun 05:17:41 AM,22.2881,114.276
Sun 05:18:14 AM,22.2581,114.2778
Sun 05:18:42 AM,22.234,114.2792
Sun 05:18:58 AM,22.2168,114.2802
Sun 05:19:14 AM,22.2029,114.2811
Sun 05:19:37 AM,22.1813,114.2825
Sun 05:19:55 AM,22.1683,114.2921
Sun 05:20:13 AM,22.1663,114.3095
Sun 05:20:30 AM,22.1767,114.3229
Sun 05:20:48 AM,22.1935,114.3315
Sun 05:21:07 AM,22.21,114.3375
Sun 05:21:26 AM,22.2283,114.3373
Sun 05:21:42 AM,22.2411,114.3282
Sun 05:22:01 AM,22.2476,114.3092
Sun 05:22:17 AM,22.2419,114.2964
Sun 05:22:33 AM,22.2286,114.2902
Sun 05:22:49 AM,22.2134,114.2878
Sun 05:23:06 AM,22.1977,114.2879
Sun 05:23:22 AM,22.1861,114.2964
Sun 05:23:42 AM,22.1777,114.3131
Sun 05:24:02 AM,22.1836,114.3334
Sun 05:24:20 AM,22.1976,114.3413
Sun 05:24:36 AM,22.2139,114.3415
Sun 05:24:52 AM,22.2295,114.3377
Sun 05:25:08 AM,22.2436,114.3288
Sun 05:25:25 AM,22.2532,114.3161
Sun 05:25:41 AM,22.2577,114.3004
Sun 05:25:57 AM,22.2562,114.2845
Sun 05:26:14 AM,22.2489,114.2707
Sun 05:26:31 AM,22.2354,114.2606
Sun 05:26:48 AM,22.2206,114.2583
Sun 05:27:05 AM,22.206,114.2632
Sun 05:27:22 AM,22.1941,114.2759
Sun 05:27:42 AM,22.1894,114.2955
Sun 05:28:02 AM,22.1931,114.3153
Sun 05:28:21 AM,22.2055,114.3272
Sun 05:28:39 AM,22.2225,114.3317
Sun 05:28:56 AM,22.2386,114.3272
Sun 05:29:13 AM,22.2507,114.3155
Sun 05:29:29 AM,22.2562,114.2997
Sun 05:29:48 AM,22.2541,114.2811
Sun 05:30:08 AM,22.2433,114.2659
Sun 05:30:24 AM,22.2289,114.259
Sun 05:30:41 AM,22.215,114.2595
Sun 05:30:59 AM,22.2007,114.2675
Sun 05:31:19 AM,22.1904,114.2855
Sun 05:31:37 AM,22.1899,114.3042
Sun 05:31:53 AM,22.1945,114.3176
Sun 05:32:09 AM,22.2083,114.3287
Sun 05:32:28 AM,22.2264,114.3314
Sun 05:32:44 AM,22.2404,114.3261
Sun 05:33:02 AM,22.2521,114.3131
Sun 05:33:19 AM,22.2566,114.2952
Sun 05:33:36 AM,22.2538,114.2803
Sun 05:33:52 AM,22.2454,114.2678
Sun 05:34:10 AM,22.2307,114.2594
Sun 05:34:27 AM,22.2157,114.2593
Sun 05:34:44 AM,22.2011,114.2671
Sun 05:35:02 AM,22.1916,114.2816
Sun 05:35:25 AM,22.1901,114.3055
Sun 05:35:42 AM,22.1971,114.3205
Sun 05:36:00 AM,22.212,114.33
Sun 05:36:18 AM,22.2287,114.3309
Sun 05:36:36 AM,22.2441,114.3232
Sun 05:36:55 AM,22.255,114.3057
Sun 05:37:12 AM,22.256,114.2897
Sun 05:37:28 AM,22.2478,114.2775
Sun 05:37:45 AM,22.2333,114.275
Sun 05:38:01 AM,22.2206,114.2857
Sun 05:38:20 AM,22.2193,114.3031
Sun 05:38:39 AM,22.2298,114.3196
Sun 05:38:55 AM,22.2429,114.3282
Sun 05:39:11 AM,22.258,114.3309
Sun 05:39:28 AM,22.2738,114.327
Sun 05:39:46 AM,22.2875,114.3157
Sun 05:40:04 AM,22.294,114.2992
Sun 05:40:24 AM,22.2885,114.2804
Sun 05:40:42 AM,22.2744,114.2712
Sun 05:41:00 AM,22.2583,114.2735
Sun 05:41:17 AM,22.2473,114.2834
Sun 05:41:45 AM,22.2352,114.3102
Sun 05:42:04 AM,22.2334,114.3292
Sun 05:42:21 AM,22.2437,114.3423
Sun 05:42:39 AM,22.2601,114.3437
Sun 05:42:56 AM,22.2723,114.3319
Sun 05:43:16 AM,22.2715,114.3122
Sun 05:43:33 AM,22.2588,114.3021
Sun 05:43:52 AM,22.2426,114.3018
Sun 05:44:10 AM,22.2255,114.3073
Sun 05:44:30 AM,22.2192,114.3236
Sun 05:44:47 AM,22.226,114.3394
Sun 05:45:06 AM,22.243,114.3452
Sun 05:45:22 AM,22.2596,114.3437
Sun 05:45:40 AM,22.2744,114.3364
Sun 05:45:56 AM,22.2822,114.3218
Sun 05:46:12 AM,22.2807,114.3067
Sun 05:46:31 AM,22.2668,114.2957
Sun 05:46:48 AM,22.2525,114.2995
Sun 05:47:04 AM,22.2449,114.3142
Sun 05:47:22 AM,22.2476,114.331
Sun 05:47:40 AM,22.2599,114.3447
Sun 05:47:57 AM,22.2749,114.3485
Sun 05:48:15 AM,22.2914,114.3406
Sun 05:48:33 AM,22.2964,114.3242
Sun 05:48:49 AM,22.2899,114.3107
Sun 05:49:07 AM,22.2732,114.3067
Sun 05:49:26 AM,22.2599,114.3171
Sun 05:49:44 AM,22.2495,114.3327
Sun 05:50:02 AM,22.245,114.3487
Sun 05:50:18 AM,22.2476,114.3658
Sun 05:50:36 AM,22.2607,114.3772
Sun 05:50:52 AM,22.2755,114.3756
Sun 05:51:08 AM,22.2853,114.3645
Sun 05:51:41 AM,22.2872,114.3303
Sun 05:51:58 AM,22.2865,114.313
Sun 05:52:14 AM,22.2793,114.2991
Sun 05:52:30 AM,22.267,114.2931
Sun 05:52:49 AM,22.2486,114.2933
Sun 05:53:05 AM,22.234,114.2961
Sun 05:53:22 AM,22.2232,114.3082
Sun 05:53:38 AM,22.2223,114.3235
Sun 05:53:56 AM,22.2328,114.3378
Sun 05:54:12 AM,22.2471,114.3405
Sun 05:54:30 AM,22.2645,114.3387
Sun 05:54:47 AM,22.2784,114.3269
Sun 05:55:04 AM,22.2811,114.3108
Sun 05:55:20 AM,22.2743,114.298
Sun 05:55:40 AM,22.2563,114.2931
Sun 05:55:58 AM,22.2398,114.2941
Sun 05:56:14 AM,22.2272,114.3015
Sun 05:56:30 AM,22.2216,114.3158
Sun 05:56:47 AM,22.2268,114.3321
Sun 05:57:04 AM,22.2407,114.3399
Sun 05:57:22 AM,22.259,114.3396
Sun 05:57:43 AM,22.2765,114.3298
Sun 05:58:00 AM,22.2814,114.313
Sun 05:58:17 AM,22.2747,114.2982
Sun 05:58:47 AM,22.2491,114.2933
Sun 05:59:04 AM,22.2337,114.2962
Sun 05:59:23 AM,22.2227,114.3102
Sun 05:59:39 AM,22.2238,114.3266
Sun 05:59:57 AM,22.2363,114.3383
Sun 06:00:14 AM,22.2525,114.3393
Sun 06:00:32 AM,22.2701,114.3351
Sun 06:00:51 AM,22.2806,114.3193
Sun 06:01:09 AM,22.2778,114.3024
Sun 06:01:27 AM,22.2643,114.2932
Sun 06:01:50 AM,22.2435,114.293
Sun 06:02:07 AM,22.2267,114.293
Sun 06:02:25 AM,22.2123,114.3004
Sun 06:02:41 AM,22.2061,114.3152
Sun 06:02:59 AM,22.21,114.3307
Sun 06:03:16 AM,22.2239,114.3407
Sun 06:03:34 AM,22.2419,114.343
Sun 06:03:50 AM,22.2578,114.3413
Sun 06:04:10 AM,22.2741,114.3329
Sun 06:04:28 AM,22.2806,114.3161
Sun 06:04:44 AM,22.2763,114.3019
Sun 06:05:02 AM,22.2623,114.2933
Sun 06:05:20 AM,22.245,114.2936
Sun 06:05:36 AM,22.2307,114.2981
Sun 06:05:53 AM,22.2221,114.3113
Sun 06:06:13 AM,22.2253,114.331
Sun 06:06:29 AM,22.2374,114.3402
Sun 06:06:45 AM,22.2518,114.3409
Sun 06:07:03 AM,22.2707,114.3384
Sun 06:07:20 AM,22.2826,114.3275
Sun 06:07:39 AM,22.2851,114.3092
Sun 06:07:57 AM,22.275,114.2952
Sun 06:08:26 AM,22.2486,114.2933
Sun 06:08:44 AM,22.2334,114.2964
Sun 06:09:04 AM,22.2221,114.3126
Sun 06:09:24 AM,22.227,114.332
Sun 06:09:43 AM,22.2436,114.3401
Sun 06:10:01 AM,22.2603,114.3362
Sun 06:10:18 AM,22.2733,114.3252
Sun 06:10:36 AM,22.2784,114.3084
Sun 06:10:55 AM,22.2717,114.2916
Sun 06:11:11 AM,22.2593,114.2833
Sun 06:11:27 AM,22.2443,114.2834
Sun 06:11:43 AM,22.232,114.2915
Sun 06:12:01 AM,22.2247,114.3079
Sun 06:12:18 AM,22.2223,114.324
Sun 06:12:36 AM,22.2227,114.3419
Sun 06:12:53 AM,22.2318,114.3563
Sun 06:13:17 AM,22.2438,114.3783
Sun 06:13:48 AM,22.2587,114.4056
Sun 06:14:19 AM,22.2753,114.4367
Sun 06:14:37 AM,22.276,114.4545
Sun 06:14:55 AM,22.2638,114.4684
Sun 06:15:13 AM,22.2476,114.4682
Sun 06:15:30 AM,22.2345,114.4533
Sun 06:15:58 AM,22.2245,114.4253
Sun 06:16:29 AM,22.2127,114.3914
Sun 06:16:47 AM,22.2061,114.3711
Sun 06:17:14 AM,22.2075,114.3403
Sun 06:17:31 AM,22.2132,114.3198
Sun 06:17:47 AM,22.2262,114.308
Sun 06:18:13 AM,22.2506,114.296
Sun 06:18:29 AM,22.2688,114.2916
Sun 06:18:46 AM,22.2842,114.2976
Sun 06:19:04 AM,22.294,114.312
Sun 06:19:20 AM,22.2929,114.3325
Sun 06:19:37 AM,22.2806,114.3449
Sun 06:20:05 AM,22.2535,114.3557
Sun 06:20:22 AM,22.2352,114.3577
Sun 06:20:38 AM,22.2211,114.3496
Sun 06:20:56 AM,22.2127,114.3302
Sun 06:21:15 AM,22.2174,114.3111
Sun 06:21:32 AM,22.232,114.2996
Sun 06:21:53 AM,22.2525,114.2916
Sun 06:22:09 AM,22.2672,114.2897
Sun 06:22:27 AM,22.284,114.2985
Sun 06:22:43 AM,22.2911,114.3126
Sun 06:23:01 AM,22.2889,114.3301
Sun 06:23:17 AM,22.2763,114.3422
Sun 06:23:35 AM,22.2602,114.3486
Sun 06:23:51 AM,22.2454,114.3536
Sun 06:24:09 AM,22.2269,114.3499
Sun 06:24:25 AM,22.2165,114.3368
Sun 06:24:41 AM,22.2149,114.3197
Sun 06:24:57 AM,22.2225,114.3055
Sun 06:25:20 AM,22.2447,114.2947
Sun 06:25:36 AM,22.2603,114.2898
Sun 06:25:53 AM,22.2783,114.2937
Sun 06:26:10 AM,22.2892,114.3062
Sun 06:26:28 AM,22.2913,114.3238
Sun 06:26:45 AM,22.2821,114.3389
Sun 06:27:15 AM,22.2545,114.3509
Sun 06:27:35 AM,22.2343,114.3534
Sun 06:27:53 AM,22.2202,114.3436
Sun 06:28:11 AM,22.2144,114.3241
Sun 06:28:28 AM,22.2211,114.3071
Sun 06:28:57 AM,22.2463,114.2941
Sun 06:29:14 AM,22.2629,114.2896
Sun 06:29:30 AM,22.28,114.2948
Sun 06:29:48 AM,22.2905,114.3096
Sun 06:30:04 AM,22.2907,114.3258
Sun 06:30:22 AM,22.2807,114.34
Sun 06:30:43 AM,22.2619,114.3482
Sun 06:31:02 AM,22.2438,114.3541
Sun 06:31:18 AM,22.2275,114.3501
Sun 06:31:36 AM,22.2168,114.3369
Sun 06:31:54 AM,22.216,114.3166
Sun 06:32:11 AM,22.2271,114.3021
Sun 06:32:38 AM,22.2542,114.2911
Sun 06:32:56 AM,22.2709,114.2905
Sun 06:33:12 AM,22.2847,114.2991
Sun 06:33:30 AM,22.2918,114.3175
Sun 06:33:46 AM,22.2883,114.3316
Sun 06:34:05 AM,22.2721,114.3442
Sun 06:34:27 AM,22.251,114.3523
Sun 06:34:47 AM,22.2332,114.3529
Sun 06:35:03 AM,22.2199,114.3424
Sun 06:35:22 AM,22.2148,114.3229
Sun 06:35:38 AM,22.2215,114.3068
Sun 06:35:59 AM,22.2408,114.2961
Sun 06:36:16 AM,22.2578,114.2901
Sun 06:36:33 AM,22.2745,114.2917
Sun 06:36:49 AM,22.287,114.3027
Sun 06:37:06 AM,22.2914,114.3183
Sun 06:37:22 AM,22.2859,114.3344
Sun 06:37:44 AM,22.2677,114.3457
Sun 06:38:02 AM,22.2498,114.3524
Sun 06:38:18 AM,22.2346,114.3532
Sun 06:38:35 AM,22.2199,114.3429
Sun 06:38:53 AM,22.2144,114.3255
Sun 06:39:10 AM,22.2207,114.3076
Sun 06:39:40 AM,22.2487,114.2931
Sun 06:39:58 AM,22.2658,114.2896
Sun 06:40:18 AM,22.2845,114.299
Sun 06:40:35 AM,22.2914,114.315
Sun 06:40:51 AM,22.2885,114.3307
Sun 06:41:08 AM,22.2755,114.3425
Sun 06:41:29 AM,22.2578,114.3493
Sun 06:41:46 AM,22.2404,114.3539
Sun 06:42:03 AM,22.225,114.3482
Sun 06:42:21 AM,22.215,114.3309
Sun 06:42:39 AM,22.2176,114.3126
Sun 06:42:59 AM,22.2329,114.2993
Sun 06:43:20 AM,22.2533,114.2914
Sun 06:43:38 AM,22.2725,114.291
Sun 06:43:55 AM,22.2854,114.3001
Sun 06:44:13 AM,22.2917,114.3186
Sun 06:44:29 AM,22.2873,114.3335
Sun 06:44:51 AM,22.2673,114.3463
Sun 06:45:07 AM,22.2532,114.3517
Sun 06:45:24 AM,22.2372,114.3542
Sun 06:45:40 AM,22.2225,114.3461
Sun 06:45:56 AM,22.2149,114.3301
Sun 06:46:14 AM,22.219,114.3116
Sun 06:46:31 AM,22.2312,114.3002
Sun 06:46:53 AM,22.2533,114.2914
Sun 06:47:09 AM,22.2694,114.2902
Sun 06:47:25 AM,22.2834,114.2979
Sun 06:47:43 AM,22.2915,114.3156
Sun 06:48:00 AM,22.2884,114.3313
Sun 06:48:19 AM,22.2737,114.3436
Sun 06:48:37 AM,22.2572,114.3499
Sun 06:48:53 AM,22.2415,114.3497
Sun 06:49:12 AM,22.2266,114.3366
Sun 06:49:32 AM,22.2238,114.3159
Sun 06:49:50 AM,22.2348,114.2994
Sun 06:50:10 AM,22.2536,114.2913
Sun 06:50:26 AM,22.271,114.2906
Sun 06:50:42 AM,22.2841,114.2991
Sun 06:50:58 AM,22.2904,114.3125
Sun 06:51:15 AM,22.287,114.3316
Sun 06:51:32 AM,22.2763,114.341
Sun 06:51:48 AM,22.2606,114.3474
Sun 06:52:04 AM,22.2451,114.35
Sun 06:52:20 AM,22.2301,114.3424
Sun 06:52:39 AM,22.222,114.3233
Sun 06:52:56 AM,22.2275,114.3054
Sun 06:53:13 AM,22.2399,114.2966
Sun 06:53:32 AM,22.2608,114.2898
Sun 06:53:50 AM,22.2777,114.2937
Sun 06:54:06 AM,22.2881,114.3058
Sun 06:54:25 AM,22.2892,114.3254
Sun 06:54:42 AM,22.279,114.3387
Sun 06:55:01 AM,22.2618,114.3461
Sun 06:55:17 AM,22.2463,114.3495
Sun 06:55:33 AM,22.2308,114.3426
Sun 06:55:50 AM,22.2226,114.3271
Sun 06:56:09 AM,22.2271,114.306
Sun 06:56:29 AM,22.2427,114.2954
Sun 06:56:45 AM,22.2589,114.2899
Sun 06:57:04 AM,22.2777,114.2938
Sun 06:57:23 AM,22.2892,114.3094
Sun 06:57:41 AM,22.2884,114.3272
Sun 06:57:59 AM,22.2756,114.3406
Sun 06:58:19 AM,22.257,114.348
Sun 06:58:36 AM,22.241,114.3487
Sun 06:58:54 AM,22.2262,114.3373
Sun 06:59:10 AM,22.2228,114.3211
Sun 06:59:26 AM,22.2294,114.3036
Sun 06:59:43 AM,22.2426,114.2938
Sun 07:00:01 AM,22.2615,114.2937
Sun 07:00:19 AM,22.2763,114.3041
Sun 07:00:35 AM,22.2825,114.3191
Sun 07:00:52 AM,22.2795,114.3366
Sun 07:01:08 AM,22.2683,114.3478
Sun 07:01:25 AM,22.2525,114.3536
Sun 07:01:41 AM,22.2367,114.351
Sun 07:01:58 AM,22.2242,114.3384
Sun 07:02:15 AM,22.2206,114.3207
Sun 07:02:31 AM,22.226,114.3052
Sun 07:02:49 AM,22.2409,114.2929
Sun 07:03:07 AM,22.2588,114.2878
Sun 07:03:25 AM,22.2775,114.2928
Sun 07:03:41 AM,22.2872,114.3046
Sun 07:03:58 AM,22.2891,114.3231
Sun 07:04:17 AM,22.2799,114.3379
Sun 07:04:38 AM,22.26,114.3471
Sun 07:04:54 AM,22.2449,114.3494
Sun 07:05:11 AM,22.2296,114.3408
Sun 07:05:28 AM,22.2226,114.3236
Sun 07:05:44 AM,22.2255,114.3062
Sun 07:06:03 AM,22.2388,114.292
Sun 07:06:21 AM,22.2557,114.2889
Sun 07:06:38 AM,22.2719,114.2958
Sun 07:06:55 AM,22.2817,114.311
Sun 07:07:11 AM,22.2823,114.3268
Sun 07:07:28 AM,22.2752,114.3406
Sun 07:07:47 AM,22.2572,114.3507
Sun 07:08:03 AM,22.2409,114.3509
Sun 07:08:20 AM,22.2272,114.3406
Sun 07:08:36 AM,22.2214,114.3239
Sun 07:08:52 AM,22.224,114.3061
Sun 07:09:09 AM,22.2348,114.2919
Sun 07:09:25 AM,22.2494,114.2857
Sun 07:09:41 AM,22.2659,114.2874
Sun 07:09:58 AM,22.2801,114.2979
Sun 07:10:14 AM,22.2865,114.3128
Sun 07:10:31 AM,22.2854,114.3286
Sun 07:10:48 AM,22.2752,114.3432
Sun 07:11:04 AM,22.2612,114.35
Sun 07:11:22 AM,22.2435,114.3525
Sun 07:11:38 AM,22.2289,114.3441
Sun 07:11:54 AM,22.2215,114.3291
Sun 07:12:12 AM,22.2242,114.3079
Sun 07:12:31 AM,22.2367,114.2945
Sun 07:12:50 AM,22.2557,114.2875
Sun 07:13:08 AM,22.2732,114.2897
Sun 07:13:24 AM,22.285,114.3
Sun 07:13:42 AM,22.2903,114.3175
Sun 07:14:00 AM,22.2845,114.3352
Sun 07:14:16 AM,22.2715,114.3444
Sun 07:14:32 AM,22.2562,114.3504
Sun 07:14:48 AM,22.2405,114.3502
Sun 07:15:04 AM,22.2272,114.3401
Sun 07:15:22 AM,22.2218,114.3214
Sun 07:15:39 AM,22.2284,114.3045
Sun 07:16:07 AM,22.2537,114.2913
Sun 07:16:23 AM,22.2688,114.2901
Sun 07:16:40 AM,22.2838,114.2993
Sun 07:16:56 AM,22.2902,114.3141
Sun 07:17:12 AM,22.2867,114.3309
Sun 07:17:28 AM,22.2743,114.3415
Sun 07:17:47 AM,22.2569,114.3482
Sun 07:18:04 AM,22.2402,114.3483
Sun 07:18:22 AM,22.2263,114.3365
Sun 07:18:38 AM,22.2225,114.3192
Sun 07:18:54 AM,22.2297,114.3032
Sun 07:19:12 AM,22.2444,114.2949
Sun 07:19:29 AM,22.2625,114.2896
Sun 07:19:48 AM,22.2778,114.2941
Sun 07:20:06 AM,22.2894,114.312
Sun 07:20:22 AM,22.2874,114.3283
Sun 07:20:39 AM,22.2763,114.3399
Sun 07:21:02 AM,22.2547,114.3483
Sun 07:21:19 AM,22.2367,114.3459
Sun 07:21:35 AM,22.2255,114.3336
Sun 07:21:53 AM,22.2236,114.3152
Sun 07:22:12 AM,22.2354,114.2988
Sun 07:22:31 AM,22.2526,114.2916
Sun 07:22:48 AM,22.2703,114.2906
Sun 07:23:06 AM,22.2852,114.3016
Sun 07:23:23 AM,22.2898,114.3179
Sun 07:23:39 AM,22.2848,114.3327
Sun 07:24:06 AM,22.2607,114.3464
Sun 07:24:23 AM,22.2439,114.3487
Sun 07:24:41 AM,22.2288,114.339
Sun 07:24:59 AM,22.2231,114.3197
Sun 07:25:17 AM,22.231,114.3022
Sun 07:25:33 AM,22.2437,114.2934
Sun 07:25:52 AM,22.2594,114.2872
Sun 07:26:10 AM,22.2812,114.2853
Sun 07:26:27 AM,22.295,114.2925
Sun 07:26:45 AM,22.3039,114.3096
Sun 07:27:02 AM,22.3013,114.327
Sun 07:27:18 AM,22.291,114.3379
Sun 07:27:46 AM,22.2651,114.3484
Sun 07:28:08 AM,22.2433,114.3565
Sun 07:28:26 AM,22.2267,114.3572
Sun 07:28:42 AM,22.2123,114.3469
Sun 07:28:58 AM,22.2066,114.3316
Sun 07:29:15 AM,22.2096,114.3156
Sun 07:29:33 AM,22.2248,114.3022
Sun 07:30:00 AM,22.2519,114.2918
Sun 07:30:18 AM,22.2697,114.2899
Sun 07:30:35 AM,22.2853,114.2985
Sun 07:30:52 AM,22.2929,114.3144
Sun 07:31:10 AM,22.2871,114.3371
Sun 07:31:28 AM,22.2723,114.3474
Sun 07:31:50 AM,22.2481,114.3556
Sun 07:32:15 AM,22.2314,114.3725
Sun 07:32:31 AM,22.2221,114.3854
Sun 07:32:49 AM,22.2122,114.3995
Sun 07:33:21 AM,22.1943,114.4251
Sun 07:33:37 AM,22.185,114.4383
Sun 07:33:54 AM,22.1762,114.451
Sun 07:34:11 AM,22.1674,114.4659
Sun 07:34:28 AM,22.1689,114.4822
Sun 07:34:46 AM,22.1821,114.4933
Sun 07:35:07 AM,22.2024,114.4977
Sun 07:35:33 AM,22.2275,114.4998
Sun 07:35:54 AM,22.2471,114.4956
Sun 07:36:15 AM,22.255,114.4786
Sun 07:36:32 AM,22.2485,114.4631
Sun 07:36:48 AM,22.2369,114.458
Sun 07:37:15 AM,22.215,114.4693
Sun 07:37:45 AM,22.2007,114.4935
Sun 07:38:01 AM,22.195,114.5063
Sun 07:38:18 AM,22.1951,114.5221
Sun 07:38:35 AM,22.2067,114.532
Sun 07:38:52 AM,22.2219,114.5363
Sun 07:39:12 AM,22.238,114.5293
Sun 07:39:31 AM,22.2413,114.511
Sun 07:39:47 AM,22.2327,114.5006
Sun 07:40:07 AM,22.2163,114.5025
Sun 07:40:40 AM,22.2045,114.5308
Sun 07:41:10 AM,22.1962,114.5587
Sun 07:41:26 AM,22.1922,114.5725
Sun 07:41:44 AM,22.187,114.5903
Sun 07:42:01 AM,22.1834,114.6056
Sun 07:42:21 AM,22.1907,114.6214
Sun 07:42:37 AM,22.2048,114.6252
Sun 07:42:53 AM,22.2165,114.6169
Sun 07:43:18 AM,22.2243,114.595
Sun 07:43:35 AM,22.2292,114.5791
Sun 07:43:52 AM,22.2344,114.5627
Sun 07:44:11 AM,22.2372,114.5453
Sun 07:44:31 AM,22.2288,114.5288
Sun 07:44:48 AM,22.2155,114.5228
Sun 07:45:04 AM,22.203,114.5251
Sun 07:45:20 AM,22.189,114.5339
Sun 07:45:38 AM,22.1776,114.5429
Sun 07:45:56 AM,22.1718,114.5594
Sun 07:46:12 AM,22.1753,114.5744
Sun 07:46:32 AM,22.1889,114.5867
Sun 07:46:52 AM,22.2071,114.5871
Sun 07:47:12 AM,22.2216,114.5749
Sun 07:47:32 AM,22.2257,114.5568
Sun 07:47:52 AM,22.2182,114.5403
Sun 07:48:12 AM,22.2029,114.5331
Sun 07:48:31 AM,22.1876,114.5377
Sun 07:48:47 AM,22.1776,114.5496
Sun 07:49:03 AM,22.1706,114.562
Sun 07:49:25 AM,22.1608,114.5812
Sun 07:49:45 AM,22.162,114.5998
Sun 07:50:05 AM,22.1755,114.6116
Sun 07:50:25 AM,22.1938,114.6093
Sun 07:50:45 AM,22.2046,114.5946
Sun 07:51:05 AM,22.2027,114.576
Sun 07:51:22 AM,22.1926,114.5662
Sun 07:51:40 AM,22.177,114.5659
Sun 07:51:56 AM,22.1667,114.5749
Sun 07:52:26 AM,22.1633,114.6037
Sun 07:52:42 AM,22.1634,114.6196
Sun 07:53:02 AM,22.1679,114.6371
Sun 07:53:23 AM,22.1861,114.6435
Sun 07:53:39 AM,22.1968,114.6353
Sun 07:53:59 AM,22.2008,114.6173
Sun 07:54:19 AM,22.192,114.6007
Sun 07:54:37 AM,22.1782,114.5956
Sun 07:54:57 AM,22.1622,114.603
Sun 07:55:17 AM,22.1561,114.62
Sun 07:55:34 AM,22.1612,114.6355
Sun 07:55:52 AM,22.1738,114.6446
Sun 07:56:08 AM,22.1883,114.644
Sun 07:56:24 AM,22.2002,114.634
Sun 07:56:44 AM,22.2039,114.6154
Sun 07:57:04 AM,22.1951,114.5998
Sun 07:57:22 AM,22.1812,114.5951
Sun 07:57:41 AM,22.1666,114.6017
Sun 07:57:58 AM,22.1586,114.6153
Sun 07:58:16 AM,22.1509,114.6306
Sun 07:58:35 AM,22.1456,114.6472
Sun 07:58:55 AM,22.15,114.6656
Sun 07:59:15 AM,22.1639,114.6779
Sun 07:59:35 AM,22.1818,114.6797
Sun 07:59:53 AM,22.1969,114.6712
Sun 08:00:10 AM,22.205,114.6572
Sun 08:00:26 AM,22.2058,114.6417
Sun 08:00:46 AM,22.1955,114.6277
Sun 08:01:19 AM,22.1677,114.6305
Sun 08:01:35 AM,22.1536,114.6337
Sun 08:01:56 AM,22.1359,114.6402
Sun 08:02:12 AM,22.1259,114.6499
Sun 08:02:28 AM,22.1204,114.6627
Sun 08:02:45 AM,22.1222,114.6792
Sun 08:03:04 AM,22.1329,114.6932
Sun 08:03:24 AM,22.1508,114.6983
Sun 08:03:41 AM,22.1652,114.6929
Sun 08:03:59 AM,22.1753,114.6796
Sun 08:04:18 AM,22.177,114.6628
Sun 08:04:34 AM,22.1704,114.6483
Sun 08:04:54 AM,22.1561,114.6395
Sun 08:05:14 AM,22.1382,114.642
Sun 08:05:30 AM,22.1276,114.652
Sun 08:05:49 AM,22.123,114.6685
Sun 08:06:07 AM,22.1282,114.6855
Sun 08:06:26 AM,22.1412,114.6961
Sun 08:06:46 AM,22.1592,114.6926
Sun 08:07:07 AM,22.1657,114.6748
Sun 08:07:25 AM,22.1583,114.6601
Sun 08:07:41 AM,22.146,114.6567
Sun 08:08:08 AM,22.1235,114.6658
Sun 08:08:35 AM,22.103,114.678
Sun 08:08:52 AM,22.0986,114.6936
Sun 08:09:11 AM,22.1089,114.7067
Sun 08:09:30 AM,22.1246,114.7051
Sun 08:09:50 AM,22.1329,114.6879
Sun 08:10:06 AM,22.1265,114.6745
Sun 08:10:25 AM,22.1111,114.6711
Sun 08:10:41 AM,22.1009,114.6802
Sun 08:10:59 AM,22.0974,114.6974
Sun 08:11:16 AM,22.0975,114.714
Sun 08:11:33 AM,22.1073,114.7242
Sun 08:11:53 AM,22.1255,114.7205
Sun 08:12:13 AM,22.1315,114.7049
Sun 08:12:31 AM,22.1227,114.6897
Sun 08:12:48 AM,22.1092,114.6883
Sun 08:13:04 AM,22.0992,114.6991
Sun 08:13:20 AM,22.0998,114.7133
Sun 08:13:48 AM,22.1119,114.7381
Sun 08:14:05 AM,22.1196,114.7528
Sun 08:14:24 AM,22.1304,114.7653
Sun 08:14:44 AM,22.1488,114.7626
Sun 08:15:01 AM,22.1554,114.749
Sun 08:15:19 AM,22.1496,114.7335
Sun 08:15:41 AM,22.1333,114.7238
Sun 08:16:06 AM,22.1132,114.7119
Sun 08:16:23 AM,22.1062,114.6974
Sun 08:16:56 AM,22.1049,114.6632
Sun 08:17:13 AM,22.1044,114.6434
Sun 08:17:30 AM,22.1039,114.6252
Sun 08:17:47 AM,22.1033,114.6041
Sun 08:18:06 AM,22.1027,114.5816
Sun 08:18:22 AM,22.1023,114.5623
Sun 08:18:38 AM,22.1018,114.5452
Sun 08:18:56 AM,22.1011,114.5235
Sun 08:19:12 AM,22.1004,114.5048
Sun 08:19:28 AM,22.0998,114.4858
Sun 08:20:00 AM,22.0986,114.4482
Sun 08:20:16 AM,22.098,114.4296
Sun 08:20:32 AM,22.0974,114.4093
Sun 08:21:02 AM,22.0981,114.3751
Sun 08:21:19 AM,22.0985,114.355
Sun 08:21:36 AM,22.099,114.3335
Sun 08:21:52 AM,22.0995,114.315
Sun 08:22:22 AM,22.1004,114.2771
Sun 08:22:52 AM,22.1013,114.2403
Sun 08:23:22 AM,22.1022,114.2031
Sun 08:23:40 AM,22.1025,114.1796
Sun 08:24:11 AM,22.103,114.1398
Sun 08:24:41 AM,22.1033,114.1054
Sun 08:25:12 AM,22.1039,114.0655
Sun 08:25:42 AM,22.1043,114.0284
Sun 08:26:02 AM,22.1046,114.0036
Sun 08:26:22 AM,22.1048,113.9787
Sun 08:26:41 AM,22.1051,113.9554
Sun 08:27:02 AM,22.1054,113.9293
Sun 08:27:21 AM,22.1056,113.9069
Sun 08:27:42 AM,22.1059,113.8812
Sun 08:28:01 AM,22.1062,113.8568
Sun 08:28:31 AM,22.1066,113.8201
Sun 08:28:47 AM,22.1069,113.8017
Sun 08:29:05 AM,22.1116,113.7825
Sun 08:29:21 AM,22.1236,113.7688
Sun 08:29:42 AM,22.1421,113.7586
Sun 08:30:12 AM,22.1682,113.7454
Sun 08:30:32 AM,22.1842,113.7375
Sun 08:30:50 AM,22.2004,113.7352
Sun 08:31:23 AM,22.2271,113.7471
Sun 08:31:41 AM,22.2412,113.7555
Sun 08:32:02 AM,22.2535,113.7707
Sun 08:32:21 AM,22.2602,113.787
Sun 08:32:53 AM,22.2691,113.8141
Sun 08:33:10 AM,22.2732,113.8268
Sun 08:33:32 AM,22.2788,113.8442
Sun 08:33:49 AM,22.282,113.8539
Sun 08:34:05 AM,22.2854,113.8645
Sun 08:34:25 AM,22.2894,113.8771
Sun 08:34:41 AM,22.2928,113.8875
Sun 08:34:57 AM,22.2962,113.898
Sun 08:35:17 AM,22.307,113.9326
Sun 08:36:16 AM    Arrival (HKG / VHHH) @ Sunday 08:36:16 AM HKT,,